userId,ecomAccountId,productId,firstCreatedDate,jobId,jobTitle,eventType,lastStepViewed,abandonedStatus,abandonedStatusUpdatedDate,email,firstName,lastName,languageTag,usersFirstAbandonedJob,subscriberKey,subscriberType,BQETLDate
auth0|674841af2f9f8b62f2047715,dc02187c-895e-4596-b640-75ad290d4717,,2024-11-28 11:26:37.922000 UTC,76df7624-56b5-42dc-b43d-92589e8e0d18:draft,Bürofachkraft,DraftCreatedEvent,REVIEW,CREATED,2024-11-28 11:26:37.922000 UTC,lohn@erge.at,Christine,Heine,de-AT,true,,,2024-12-12 07:30:05.000000 UTC
auth0|67517fcfafd67f7f717f14c9,4b24721e-abc6-4be0-870e-f399b56568dc,,2024-12-05 11:10:39.226000 UTC,621f9d0f-b181-4548-b9f3-8d4ae0facf23:draft,Servicemitarbeiter*in für Kühlschmierstoffe,DraftDeletedEvent,REVIEW,DELETED,2024-12-09 09:10:26.286000 UTC,a.beyer@blaser.com,Anita,Beyer,de-DE,true,,,2024-12-12 07:30:05.000000 UTC
auth0|6619820d1f3acb9b10a36954,5742144e-dd10-412e-9d2b-31063088903d,,2024-12-04 12:42:56.025000 UTC,d3d385ef-0cd9-497d-92ca-3896d0340a21:draft,Live-In/Nanny/Familienmanager/in (m/w/d) für eine herzliche Familie in Luxemburg gesucht,DraftCreatedEvent,REVIEW,CREATED,2024-12-04 12:42:56.025000 UTC,office@heartfeltnanny.com,Alexandra,Berger,de-DE,false,,,2024-12-12 07:30:05.000000 UTC
auth0|6756f9b68c27497e45cb956d,40adef68-0b65-4551-80ff-81b43b143866,,2024-12-09 14:31:17.365000 UTC,4dac67fe-6a40-4382-adef-c27cef2db23e:draft,Rechtsanwaltsfachangestellte*r,DraftCreatedEvent,REVIEW,CREATED,2024-12-09 14:31:17.365000 UTC,pukrop@blkr-berlin.de,Sebastian,Pukrop,de-DE,true,,,2024-12-12 07:30:05.000000 UTC
auth0|6751ebf503927c1a70899c9b,86191988-f1dd-4742-bf87-3f253e3be6c7,,2024-12-05 18:11:44.696000 UTC,f600c201-b6cf-4828-9e31-1e34600f6bcf:draft,Kauffrau für Büromanagement,DraftCreatedEvent,DETAILS,CREATED,2024-12-05 18:11:44.696000 UTC,7777.ole4ka@gmail.com,Olha,Yehorova,de-DE,true,,,2024-12-12 07:30:05.000000 UTC
auth0|650ade89335647efb18da0a3,08aae020-e959-419a-a191-e6f3d9de7831,,2024-12-04 16:00:36.510000 UTC,3cc1d74a-23be-4f73-aec5-a863a92ebac7:draft,Lehrer,DraftCreatedEvent,DESCRIPTION,CREATED,2024-12-04 16:00:36.510000 UTC,lubomir.cisar@monster.com,Lubomir,Kundendienst,de-DE,true,,,2024-12-12 07:30:05.000000 UTC
auth0|6756162a5d6aa3f1da782f0e,c9d9ace1-c6f1-4bf1-8fd7-63756e06c52c,,2024-12-09 06:20:21.341000 UTC,9f0d49e0-9a00-40fa-a405-34a608fb7f36:draft,Physiotherapeut (w/m/d(,DraftCreatedEvent,DESCRIPTION,CREATED,2024-12-09 06:20:21.341000 UTC,zlly29@yahoo.de,Mandy,Zöllner,de-DE,true,,,2024-12-12 07:30:05.000000 UTC
auth0|6751e90a7db3c4575c085aee,1a6dfa26-a29b-4462-a304-976d0ec0e111,,2024-12-05 18:22:21.331000 UTC,bce5122d-6786-4c6b-8892-d3e989fe6197:draft,Sales Professional (Motorsports Industry),DraftCreatedEvent,REVIEW,CREATED,2024-12-05 18:22:21.331000 UTC,work@ralphsmotorsports.com,Colleen,Stewart,en-CA,true,,,2024-12-12 07:30:05.000000 UTC
auth0|6750af23c37471f108256785,6c54b7c9-56b5-4780-9f9e-d67b2a01cb32,,2024-12-04 20:09:23.684000 UTC,fd3840c1-df27-41af-b668-de1799f868a6:draft,Kitchen Manager,DraftUpdatedEvent,REVIEW,UPDATED,2024-12-04 20:10:17.877000 UTC,eat@generationsonthelake.ca,Dianna,Elliott,en-CA,true,,,2024-12-12 07:30:05.000000 UTC
auth0|6759b2ebb1c829d06f614fe2,9f998747-855e-46e7-a505-e47abeb1e32b,,2024-12-11 15:56:27.121000 UTC,3ef35264-9027-45c3-922a-4513ed6a8fe7:draft,Personal Support Worker (PSW),DraftCreatedEvent,REVIEW,CREATED,2024-12-11 15:56:27.121000 UTC,team@upstaff.ca,Tanza,James,en-CA,true,,,2024-12-12 07:30:05.000000 UTC
auth0|6752929403927c1a708a3884,5ac32739-4771-4601-a8e3-b1cacde19ce4,,2024-12-06 06:04:13.032000 UTC,18ad4ed6-18dd-405b-aab6-e9e9fa845609:draft,house cleaner,DraftCreatedEvent,DESCRIPTION,CREATED,2024-12-06 06:04:13.032000 UTC,cleanchoicesolutions613@gmail.com,Krista-Lynn,Arsenault,en-CA,true,,,2024-12-12 07:30:05.000000 UTC
auth0|6748411ccdc14af9a490b4d0,ccdbfc3b-8980-43b0-9d74-a3a18b54deb1,,2024-11-28 11:03:18.835000 UTC,29f875a8-16bb-461a-a7a8-fcd1ae8b6bac:draft,Support Worker,DraftCreatedEvent,REVIEW,CREATED,2024-11-28 11:03:18.835000 UTC,tshelton@energi.org.uk,Thomas,Shelton,en-GB,true,,,2024-12-12 07:30:05.000000 UTC
auth0|66c7fc41f3dee056fb8dd4bb,60bd559a-8fff-45a6-883f-545934eb6d21,,2024-12-10 10:15:33.159000 UTC,a4a73486-95ac-4745-b44e-67bf49acb2d4:draft,Job Opportunity: High School English Teacher,DraftCreatedEvent,REVIEW,CREATED,2024-12-10 10:15:33.159000 UTC,cece@daaisd.com,雨,时,en-GB,true,,,2024-12-12 07:30:05.000000 UTC
auth0|6759a14f13357868ecf1091b,64de514d-18f0-4587-9ba0-9c424bcd783d,,2024-12-11 15:10:21.678000 UTC,8070211c-0f80-415e-b90d-60d18ded193a:draft,Field Sales Representative,DraftCreatedEvent,REVIEW,CREATED,2024-12-11 15:10:21.678000 UTC,joanne.hitchmough@zzoomm.com,Joanne,Hitchmough,en-GB,true,,,2024-12-12 07:30:05.000000 UTC
auth0|675195add6854193eda39b7a,11e1e641-2077-4884-9365-02ada8715dbf,,2024-12-05 12:02:06.095000 UTC,19af9660-9d7f-4931-9756-0ad5f5f8e463:draft,"WordPress Developer (PHP, CSS, HTML)",DraftUpdatedEvent,DESCRIPTION,UPDATED,2024-12-05 12:08:15.863000 UTC,jonathon.kwok@evaro.com,Jonathon,Kwok,en-GB,true,,,2024-12-12 07:30:05.000000 UTC
auth0|674a3f422f9f8b62f20631f9,ff7ad011-d4d6-48d2-b3b7-634c8b420fe9,,2024-11-29 22:36:25.128000 UTC,abf53417-ae83-4cc3-b2ca-d722c69e8a4d:draft,Journeyman Electrician,DraftCreatedEvent,REVIEW,CREATED,2024-11-29 22:36:25.128000 UTC,ssamuel@goodhealthcorp.com,stephen,samuel,en-US,true,,,2024-12-12 07:30:05.000000 UTC
auth0|674f78cff9a29c4aa41df394,5b0cde15-ce7d-4cde-b8cb-59a437235a67,,2024-12-03 21:47:07.316000 UTC,f42acab4-2dc2-4092-8241-9ed9387665b8:draft,Senior Art Director,DraftCreatedEvent,REVIEW,CREATED,2024-12-03 21:47:07.316000 UTC,redlbl.marketing@gmail.com,REDlbl,Agency,en-US,true,,,2024-12-12 07:30:05.000000 UTC
auth0|674f48a5225e6ecef0153e45,417a039f-08c0-4afd-ba4e-3e580554902d,,2024-12-03 18:49:33.626000 UTC,830587c0-d89b-4f9b-8283-4410cdc0da87:draft,Sales Representative,DraftCreatedEvent,REVIEW,CREATED,2024-12-03 18:49:33.626000 UTC,pamela@mwrmich.com,Pamela,Anderson,en-US,true,,,2024-12-12 07:30:05.000000 UTC
auth0|675817c44b169fe27b8f2d94,d5ca3c3d-e037-4181-a83c-e4276f6a8530,,2024-12-10 10:55:53.944000 UTC,18c9cff8-d5d1-4292-b8a4-ee2a1ff0f05a:draft,PPE Product and Branding development manager,DraftDeletedEvent,REVIEW,DELETED,2024-12-11 09:12:10.675000 UTC,ina@motogirl.co.uk,Hendrina,Lombard-Ogilvie,en-US,true,,,2024-12-12 07:30:05.000000 UTC
auth0|675817c44b169fe27b8f2d94,d5ca3c3d-e037-4181-a83c-e4276f6a8530,,2024-12-10 11:52:01.937000 UTC,94439e30-27e0-4010-b06a-2b930e5ea45a:draft,PPE Product and Branding development manager,DraftCreatedEvent,REVIEW,CREATED,2024-12-10 11:52:01.937000 UTC,ina@motogirl.co.uk,Hendrina,Lombard-Ogilvie,en-US,false,,,2024-12-12 07:30:05.000000 UTC
auth0|674d253099799c8a463490cc,d34b5cf5-eee7-4dea-9d99-054ad3241ea4,,2024-12-02 03:36:17.470000 UTC,a635c5f5-5952-42b7-9cd3-fe206d6f12cb:draft,DevOps Engineer,DraftCreatedEvent,REVIEW,CREATED,2024-12-02 03:36:17.470000 UTC,bhanucloud2024@gmail.com,Bhanu kumar,Kakumanu,en-US,true,,,2024-12-12 07:30:05.000000 UTC
auth0|674dcaba5777c7fc705a3230,6a018e9e-8d2a-4632-ab5a-fc3ae019c75a,,2024-12-02 16:20:58.798000 UTC,87de24ba-a497-468e-a3a7-dc5897cb538e:draft,Technical Sales Support Specialist,DraftCreatedEvent,REVIEW,CREATED,2024-12-02 16:20:58.798000 UTC,jsudetic@grantindustrial.com,Jonathan,Sudetic,en-US,true,,,2024-12-12 07:30:05.000000 UTC
auth0|674e1df9f44bd30cec618e5a,4d6a319b-26b0-46e8-a0bb-e0e278b12bae,,2024-12-04 02:27:20.030000 UTC,d27cfe4a-4f1a-4e7c-bb10-659582cc79c4:draft,Sales Associates,DraftUpdatedEvent,REVIEW,UPDATED,2024-12-04 14:44:17.302000 UTC,hiringnorthtownassoc@gmail.com,Charles,Rubia,en-US,true,,,2024-12-12 07:30:05.000000 UTC
auth0|67575c884b7ce070f7d5dc7b,91765d07-1fcf-4477-b051-35c5f703a95e,,2024-12-09 21:19:56.587000 UTC,85eeca28-332b-417e-8aaa-073893567830:draft,Mental Health Counselor,DraftCreatedEvent,REVIEW,CREATED,2024-12-09 21:19:56.587000 UTC,gentlestrengthcounseling@gmail.com,Terra,Vonkuske,en-US,true,,,2024-12-12 07:30:05.000000 UTC
auth0|674d26f36bbb0737453b2c86,7a783e21-6fe8-4734-9ce3-e70ce2026a2f,,2024-12-03 20:21:53.171000 UTC,f9b0d459-4278-45bc-b4a2-a371a4709df5:draft,Route to Customer Analyst,DraftCreatedEvent,REVIEW,CREATED,2024-12-03 20:21:53.171000 UTC,mediabookings_nz@neonlogicagency.com,NeonLogic,Agency,en-US,true,,,2024-12-12 07:30:05.000000 UTC
auth0|668e56cb8800b3320278227d,d4359296-56af-437f-814c-ed13e51d1dfa,,2024-11-28 08:00:06.804000 UTC,ab1246ed-79e8-405b-9334-822a4c02bd1a:draft,ERVAREN COMMERCIEEL (RETAIL),DraftUpdatedEvent,REVIEW,UPDATED,2024-11-28 09:51:00.511000 UTC,recruitment@eureca-rec.eu,Sebastien,Pourbaix,en-US,false,,,2024-12-12 07:30:05.000000 UTC
auth0|6752047c65e1486bc7d1d413,bda1671c-1b81-4028-8c85-cccf9f2273d7,,2024-12-05 20:08:16.322000 UTC,a7221551-f906-423f-9f20-0f0d48ec84ee:draft,Commissioned Funeral Consultant,DraftCreatedEvent,REVIEW,CREATED,2024-12-05 20:08:16.322000 UTC,ddarjean@equitypropertygroupllc.net,Demetria,Darjean,en-US,true,,,2024-12-12 07:30:05.000000 UTC
auth0|6553f3e8add2157a15315f13,27cc9806-6aa0-4ef8-ad84-d7f8f8bcdaee,8a128c888842bd950188433b1b843681,2024-12-09 19:54:13.846000 UTC,20d4c25a-e9df-4270-ba5a-f24d9ef4fef0:draft,Nurse Practitioner,DraftCreatedEvent,REVIEW,UPGRADED,2024-11-15 08:00:21.000000 UTC,craig.bachman@monster.com,,,en-US,false,,,2024-12-12 07:30:05.000000 UTC
auth0|6553f3e8add2157a15315f13,27cc9806-6aa0-4ef8-ad84-d7f8f8bcdaee,8a128c888842bd950188433b1b843681,2024-12-02 18:52:15.000000 UTC,e6b113fa-b7f0-4418-8b58-b07e43d3b61e:draft,Clinical Case Manager,DraftCreatedEvent,REVIEW,UPGRADED,2024-11-15 08:00:21.000000 UTC,craig.bachman@monster.com,,,en-US,true,,,2024-12-12 07:30:05.000000 UTC
auth0|674f432e8f0701f84a7916a3,da195f2f-1a07-4119-977b-09fa701115fe,,2024-12-03 17:49:38.245000 UTC,e8e2e6ec-214c-4a57-8763-4b38dc8ea6cd:draft,EDI,DraftCreatedEvent,REVIEW,CREATED,2024-12-03 17:49:38.245000 UTC,hakhil766@gmail.com,Sai Akhil,H,en-US,true,,,2024-12-12 07:30:05.000000 UTC
auth0|67511991c35c0d2a054ee18f,e58f6404-ae7e-4a79-9dca-fd15550c7cbe,,2024-12-05 03:30:03.458000 UTC,203641fb-d1d3-40b9-b738-960977ab28c5:draft,Cycle Instructor,DraftCreatedEvent,REVIEW,CREATED,2024-12-05 03:30:03.458000 UTC,lauren.ortiz.530@gmail.com,Lauren,Ortiz,en-US,true,,,2024-12-12 07:30:05.000000 UTC
auth0|6750a154eb039ef9404f7121,e07d11f1-a8a0-46bc-bd7a-0920882f4943,,2024-12-04 18:47:54.107000 UTC,1f3ace78-ae13-4efb-ba0b-02b838b583ae:draft,Family Minister Coordinator,DraftCreatedEvent,REVIEW,CREATED,2024-12-04 18:47:54.107000 UTC,churchoffice@saintandrewsumc.org,Saint Andrews,UMC,en-US,true,,,2024-12-12 07:30:05.000000 UTC
auth0|674ed7c3225e6ecef014c872,d1592f89-34f0-42fb-a5f8-bb406185dcbb,,2024-12-03 14:25:11.572000 UTC,11320075-8f3f-43ea-b301-8ed9ba96bae0:draft,"Manager, Team Lead, Tele Caller, Counsellor, PRO",DraftCreatedEvent,DETAILS,CREATED,2024-12-03 14:25:11.572000 UTC,info@credmontinternationalschool.com,Credmont,International School,en-US,true,,,2024-12-12 07:30:05.000000 UTC
auth0|6757ab3dac238be2ef612180,42067392-2945-4134-9ad7-9b932ebcd450,,2024-12-10 02:48:37.036000 UTC,631b894c-31c1-449b-a292-b3a0d886a5c4:draft,Accountant,DraftCreatedEvent,DETAILS,CREATED,2024-12-10 02:48:37.036000 UTC,testuserampcustom@mailinator.com,Test,user,en-US,true,,,2024-12-12 07:30:05.000000 UTC
auth0|6759c821b1c829d06f61646b,6b93fd1d-2c09-4b91-9e41-546015b909b9,,2024-12-11 17:16:10.802000 UTC,ae23b975-475f-4957-8f69-4bd9664ce604:draft,Dot Net developer,DraftCreatedEvent,DETAILS,CREATED,2024-12-11 17:16:10.802000 UTC,ravitejart6446@gmail.com,RAVI,TEJA,en-US,true,,,2024-12-12 07:30:05.000000 UTC
auth0|6750e585c37471f108259d07,ea244a68-fced-4685-86d4-9c491d001a48,,2024-12-04 23:30:28.362000 UTC,f0252260-d49a-4a2a-902d-20600b01adff:draft,Marketing Coordinator,DraftCreatedEvent,DETAILS,CREATED,2024-12-04 23:30:28.362000 UTC,angel@bee-big.com,Angel,Rosales,en-US,true,,,2024-12-12 07:30:05.000000 UTC
auth0|6735b66a2cd642210a05fe69,1376254d-f7ab-4cc2-8ef2-c60bdca4d7d0,,2024-12-09 06:26:37.732000 UTC,eb0ad6ba-3f14-4f01-ab5c-a4f82f08c59d:draft,Human Resources Manager,DraftCreatedEvent,DETAILS,CREATED,2024-12-09 06:26:37.732000 UTC,hrlewis.vorte@gmail.com,Lewis,Klint,en-US,true,,,2024-12-12 07:30:05.000000 UTC
auth0|6756141326afa0f25190f9ff,df492d66-cf79-409d-a50b-1e59504bddb2,,2024-12-08 22:08:20.568000 UTC,686e3858-d3b8-4a14-8449-17d8381de763:draft,sever / training,DraftCreatedEvent,DETAILS,CREATED,2024-12-08 22:08:20.568000 UTC,hoswellc@gmail.com,christina,hoswell,en-US,true,,,2024-12-12 07:30:05.000000 UTC
auth0|67532fcfb556dcdfcd933bc7,96f9a4ca-f227-4e95-b217-5ae1eb95513c,,2024-12-06 17:16:26.259000 UTC,72d22ae5-523d-4e21-afef-3c8c28508dc1:draft,Business Development Manager - SEO,DraftCreatedEvent,DETAILS,CREATED,2024-12-06 17:16:26.259000 UTC,hr@admarkdigitalmedia.com,Vishesh,Kulshreshtha,en-US,true,,,2024-12-12 07:30:05.000000 UTC
auth0|675192d6d6854193eda39890,ac749208-c61c-42d9-b27a-a781cd83f8af,,2024-12-06 04:14:56.308000 UTC,9b7a4890-e192-4865-8ec1-36fa8965fb6f:draft,CTO,DraftCreatedEvent,DETAILS,CREATED,2024-12-06 04:14:56.308000 UTC,nitin.mittal@ses.nxtpreprod.monster.com,nitin,mittal,en-US,true,,,2024-12-12 07:30:05.000000 UTC
auth0|6748959c8720addcbd05620b,66112888-90bd-4799-823a-7e8d79e39d08,,2024-11-28 16:15:57.886000 UTC,5520f936-c147-4dbd-96aa-735545dd5dc1:draft,Web Marketing Manager,DraftCreatedEvent,SETTINGS,CREATED,2024-11-28 16:15:57.886000 UTC,ea@5star.online,5 Star Services,and Products,en-US,true,,,2024-12-12 07:30:05.000000 UTC
auth0|6757390afe719f2a2cde37db,bdae5a53-9ecf-4259-ac03-2d2ad5e52c0f,,2024-12-09 19:31:44.170000 UTC,b5cfc6f8-a366-4385-9d6c-a5e84e203cd7:draft,Public Safety Background Investigator,DraftCreatedEvent,DESCRIPTION,CREATED,2024-12-09 19:31:44.170000 UTC,steven.ward@guardianbgi.com,Steven,Ward,en-US,true,,,2024-12-12 07:30:05.000000 UTC
auth0|674dd7ccac439d9937b3ccd2,9e4c07d0-6ec9-44f5-aa41-64e1fc7a1043,,2024-12-02 16:09:14.857000 UTC,9007b7fe-bdbf-48ec-bd98-e167f3a06131:draft,HR Manager,DraftCreatedEvent,DESCRIPTION,CREATED,2024-12-02 16:09:14.857000 UTC,rags9044@gmail.com,Rocky,R,en-US,true,,,2024-12-12 07:30:05.000000 UTC
auth0|674dc829bda853637012a49f,2b38c350-375d-4f5e-8b64-201a2b096174,,2024-12-02 14:50:52.138000 UTC,d4912ca2-8bd9-4241-b4dd-4fc650b8afa0:draft,Dental Assistant,DraftCreatedEvent,DESCRIPTION,CREATED,2024-12-02 14:50:52.138000 UTC,harlemdentalassoc@gmail.com,Maryann,Riordan,en-US,true,,,2024-12-12 07:30:05.000000 UTC
auth0|674daf003a3d84e07100a23d,c452a4e1-0c0f-4a5e-a497-45d54e4ff9ef,,2024-12-02 13:12:34.781000 UTC,665c27ad-d023-47ea-9c7f-625685860a15:draft,Certified Medication Technician,DraftCreatedEvent,DESCRIPTION,CREATED,2024-12-02 13:12:34.781000 UTC,assistedlivinghg@hotmail.com,Mindy,Sowell,en-US,true,,,2024-12-12 07:30:05.000000 UTC
auth0|67509a42c35c0d2a054e6482,2580184c-4e2c-468a-9705-578b8bd252dd,,2024-12-04 18:11:30.682000 UTC,c57e52f8-13ad-4e89-9df8-89f6796ff0d6:draft,Hydro Excavator,DraftCreatedEvent,DESCRIPTION,CREATED,2024-12-04 18:11:30.682000 UTC,christina.handcock@expresspros.com,Christina,Handcock,en-US,true,,,2024-12-12 07:30:05.000000 UTC
auth0|6752cfa24b7ce070f7d2415c,14ffaad3-c21b-43b2-90c6-7b05774a3260,,2024-12-06 10:31:28.446000 UTC,c67470e0-25a4-43ab-855c-414890e539db:draft,Home Care Worker,DraftCreatedEvent,DESCRIPTION,CREATED,2024-12-06 10:31:28.446000 UTC,danharmanagement@gmail.com,Danhar,Management,en-US,true,,,2024-12-12 07:30:05.000000 UTC
auth0|67494ba2ac439d9937b042e8,8163e8f0-1e48-4742-81a3-79d3b5ef60c3,,2024-11-29 05:20:56.305000 UTC,c7b3f6e2-f9c5-4724-932d-ea0e799a37f5:draft,Data Entry,DraftCreatedEvent,DESCRIPTION,CREATED,2024-11-29 05:20:56.305000 UTC,atento57@hey.com,Brantley,Kamari,en-US,true,,,2024-12-12 07:30:05.000000 UTC
auth0|674a7416cdc14af9a4929b54,84ee1a2a-b255-42ae-92c3-83f080efa39f,,2024-11-30 02:21:18.464000 UTC,fae3270e-2060-4bfb-a8ac-36be2a32b17f:draft,General Sales Manager - Real Estate Technology Solutions - commission ONLY position,DraftCreatedEvent,DESCRIPTION,CREATED,2024-11-30 02:21:18.464000 UTC,jcmc75015@gmail.com,Jean-Charles,Malpel,en-US,true,,,2024-12-12 07:30:05.000000 UTC
auth0|6759a2032ab225a8894ad636,8273edff-77d3-4252-abb3-f325ae72ae5e,,2024-12-11 14:33:13.038000 UTC,59433f6f-a3eb-4339-8b83-b39f2e0b43a6:draft,Senior devops engineer,DraftCreatedEvent,DESCRIPTION,CREATED,2024-12-11 14:33:13.038000 UTC,nikhit.tech@gmail.com,Venkat,Nikhit,en-US,true,,,2024-12-12 07:30:05.000000 UTC
auth0|674f482bb270397ef852a69f,d22ae363-4270-43ad-b4af-4d208e476a36,,2024-12-03 18:11:15.392000 UTC,e3e3ce6d-bf78-4cf3-ab6d-c4829edac623:draft,Cyber Security IAM Engineer,DraftCreatedEvent,DESCRIPTION,CREATED,2024-12-03 18:11:15.392000 UTC,lavanyaindira08@gmail.com,Lavanya Indira,Kuthadi,en-US,true,,,2024-12-12 07:30:05.000000 UTC
auth0|674d0bf699799c8a463479f1,bfedae3a-2dbe-4b7c-b4d7-3ba6087f7f8f,,2024-12-02 01:49:46.698000 UTC,22cabbab-1a5f-4d8a-9656-4d643b4256f8:draft,General Laborer,DraftCreatedEvent,DESCRIPTION,CREATED,2024-12-02 01:49:46.698000 UTC,ahhenitoetu0@gmail.com,Toetu,Ah Heni,en-US,true,,,2024-12-12 07:30:05.000000 UTC
auth0|675712b326afa0f25191c004,a81bd2b4-85c5-46c7-be26-4a4d1c046b5b,,2024-12-09 15:57:58.575000 UTC,178ca17a-1c10-4ec8-a8f4-8cc57f2e3242:draft,Sr Java Full Stack Developer,DraftCreatedEvent,DESCRIPTION,CREATED,2024-12-09 15:57:58.575000 UTC,ph4ni.g@gmail.com,phanindra Kumar,gudla,en-US,true,,,2024-12-12 07:30:05.000000 UTC
auth0|674db5327eae487f9b0bad54,a8ebc4d9-3fe2-4f3a-a22b-ae41782a4d24,,2024-12-02 13:27:50.912000 UTC,0ac72b52-a247-4f42-af0c-bbd564eb68cf:draft,Chargé de recrutement,DraftCreatedEvent,DETAILS,CREATED,2024-12-02 13:27:50.912000 UTC,bouzmin@gmail.com,MOHAMED AMINE,BOUZOUIDJA,fr-FR,true,,,2024-12-12 07:30:05.000000 UTC
auth0|675020ca49521eeee3bc8f51,100cb0bc-8c46-445e-a21a-4b34733581b5,,2024-12-04 12:57:55.807000 UTC,6bdfc809-ae38-4770-ba05-36dd2bfb1e72:draft,Technicien maintenance industrielle,DraftCreatedEvent,DESCRIPTION,CREATED,2024-12-04 12:57:55.807000 UTC,tsutchy.tho@nedson.fr,Tsutchy,THO,fr-FR,true,,,2024-12-12 07:30:05.000000 UTC
auth0|67469a320a08a5057b4d97f9,9c65f569-f8f9-4555-9d21-0a14fbf2e189,,2024-12-02 14:54:01.906000 UTC,75a86706-41ac-4d6a-b6e3-fe23772da4ab:draft,Préparateur voitures,DraftCreatedEvent,DETAILS,CREATED,2024-12-02 14:54:01.906000 UTC,info@rentacarlux.lu,Frédéric,BECKER,fr-LU,true,,,2024-12-12 07:30:05.000000 UTC
auth0|6751b26365e1486bc7d1824f,a6b94d78-10c7-4748-b20a-ff1136ac5506,,2024-12-05 14:10:10.245000 UTC,2079e5d4-0ad6-4e75-a620-d803cae46cd6:draft,Incaricato per rapporti clientelari,DraftCreatedEvent,REVIEW,CREATED,2024-12-05 14:10:10.245000 UTC,cristian.udella@fotoenergetico.com,Cristian,Fotoenergetico,it-IT,true,,,2024-12-12 07:30:05.000000 UTC
auth0|6759474a0eb18586f9dc58af,d9693185-75bf-4d32-a770-177c7e44b12f,,2024-12-11 08:22:55.758000 UTC,4a99a48f-231d-4d8c-8003-ca96e96b1561:draft,Funzionario Commerciale Estero,DraftCreatedEvent,REVIEW,CREATED,2024-12-11 08:22:55.758000 UTC,m.pollastrini@allco.it,Matteo,Pollastrini,it-IT,true,,,2024-12-12 07:30:05.000000 UTC
auth0|67569bcb26afa0f251915d3c,e0e0ae80-07e8-4150-bb01-7712d09ab146,,2024-12-09 09:17:49.618000 UTC,08cbdf93-6035-473f-9dc3-5255e2cfe718:draft,AGENTE IMMOBILIARE,DraftCreatedEvent,DESCRIPTION,CREATED,2024-12-09 09:17:49.618000 UTC,info@inghome.it,Simone,Chiodi,it-IT,true,,,2024-12-12 07:30:05.000000 UTC
auth0|6752ff11b556dcdfcd930e98,ac20540e-4843-4157-853a-7219ee9ed7ff,,2024-12-06 14:58:15.500000 UTC,ac5ff9d1-335c-46df-bb42-8043cdafafb7:draft,Secretaresse,DraftCreatedEvent,REVIEW,CREATED,2024-12-06 14:58:15.500000 UTC,solliciteren@cenb.nl,het,secretariaat,nl-NL,true,,,2024-12-12 07:30:05.000000 UTC
auth0|674d67d299799c8a4634c9ea,a29fe8de-aa4a-4ea8-93c8-a29a0377b1eb,,2024-12-02 08:31:40.710000 UTC,2bb93923-4bf6-4e85-be44-921bc78ec730:draft,Fysiotherapeut,DraftCreatedEvent,REVIEW,CREATED,2024-12-02 08:31:40.710000 UTC,management@lagezijde.nl,Sjoukje,Punselie,nl-NL,true,,,2024-12-12 07:30:05.000000 UTC
auth0|648734168d8c660e62cdc1c0,4a5f0037-7e73-4806-abd5-96bd6d0e5f90,,2024-12-10 15:37:36.423000 UTC,782f9c08-7b46-46ca-b768-27ed84711573:draft,Warehouse Operative,DraftCreatedEvent,DETAILS,CREATED,2024-12-10 15:37:36.423000 UTC,ariadni.zotou@huboo.com,Ariadni,Zotou,nl-NL,true,,,2024-12-12 07:30:05.000000 UTC
auth0|67572737b556dcdfcd964eff,b1bbe891-17a4-4c5d-99ff-e71fe7f52c80,,2024-12-09 22:34:30.672000 UTC,5e4d7c95-77bb-4351-a93f-f1eb65efabae:draft,Butikssäljare,DraftCreatedEvent,REVIEW,CREATED,2024-12-09 22:34:30.672000 UTC,kungsholmenvitvaror@woork.se,Stefan,Aaltonen,sv-SE,true,,,2024-12-12 07:30:05.000000 UTC
auth0|674a63055777c7fc70579bac,80ba9bf9-faab-45da-8c7c-744dd9ef999a,,2024-11-30 01:15:23.006000 UTC,5ca9ca64-b050-4117-98c1-1b2272dc72fd:draft,Rekryterare,DraftCreatedEvent,DESCRIPTION,CREATED,2024-11-30 01:15:23.006000 UTC,amc04noll@gmail.com,Andreas,Carlsson,sv-SE,true,,,2024-12-12 07:30:05.000000 UTC